{
  "AutoOpenCommendWindow / Description": {
    "message": "在完成副本之后自动打开最佳队员推荐窗口.",
    "description": "[AutoOpenCommendWindow] Tweak Description"
  },
  "AutoOpenCommendWindow / Name": {
    "message": "自动打开最佳队员推荐窗口",
    "description": "[AutoOpenCommendWindow] Tweak Name"
  },
  "AutoOpenLootWindow / Description": {
    "message": "当有新战利品时自动打开战利品窗口来投骰.",
    "description": "[AutoOpenLootWindow] Tweak Description"
  },
  "AutoOpenLootWindow / Name": {
    "message": "当有新战利品时打开战利品窗口.",
    "description": "[AutoOpenLootWindow] Tweak Name"
  },
  "CharaViewIncreasedZoom / Description": {
    "message": "允许近无限放大角色预览视图, 例如试穿室和检视窗口.",
    "description": "[CharaViewIncreasedZoom] Tweak Description"
  },
  "CharaViewIncreasedZoom / Name": {
    "message": "增加角色预览缩放范围.",
    "description": "[CharaViewIncreasedZoom] Tweak Name"
  },
  "ChatTweaks / Name": {
    "message": "聊天调整",
    "description": "[ChatTweaks] Tweak Name"
  },
  "ChatTweaks@ChatNameColours / Description": {
    "message": "给聊天信息内的玩家名称随机设置颜色, 或者手动设置玩家名字.",
    "description": "[ChatNameColours] Tweak Description"
  },
  "ChatTweaks@ChatNameColours / Name": {
    "message": "聊天名称颜色",
    "description": "[ChatNameColours] Tweak Name"
  },
  "ChatTweaks@ChatNameColours / NameAlreadyAddedError": {
    "message": "名称已存在于列表内.",
    "description": "[ChatNameColours] Chat Name Colours - Name is already in list."
  },
  "ChatTweaks@ChatNameColours / Player Name": {
    "message": "玩家名称",
    "description": "[ChatNameColours] Chat Name Colours - Player Name"
  },
  "ChatTweaks@ChatNameColours / RandomColours": {
    "message": "给未指定的玩家随机分配颜色",
    "description": "[ChatNameColours] Chat Name Colours - Use random colours for unlisted players"
  },
  "ChatTweaks@ChatNameColours / Server": {
    "message": "服务器",
    "description": "[ChatNameColours] Chat Name Colours - Server"
  },
  "ChatTweaks@ClickableLinks / Description": {
    "message": "解析在聊天栏内的链接, 并使其可以被点击打开.",
    "description": "[ClickableLinks] Tweak Description"
  },
  "ChatTweaks@ClickableLinks / Name": {
    "message": "聊天栏里的可点击链接",
    "description": "[ClickableLinks] Tweak Name"
  },
  "ChatTweaks@DisableChatAutoscroll / AllowAutoscrollLabel": {
    "message": "在下列情况下总是允许自动滚动:",
    "description": "[DisableChatAutoscroll] Smart AutoScroll - Always allow autoscrolling in:"
  },
  "ChatTweaks@DisableChatAutoscroll / Description": {
    "message": "试图防止在向上滚动时收到新的聊天消息时自动向下滚动.",
    "description": "[DisableChatAutoscroll] Tweak Description"
  },
  "ChatTweaks@DisableChatAutoscroll / Name": {
    "message": "智能自动滚动",
    "description": "[DisableChatAutoscroll] Tweak Name"
  },
  "ChatTweaks@DisableChatAutoscroll / TabLabel": {
    "message": "分栏 {0}",
    "description": "[DisableChatAutoscroll] Smart AutoScroll - Tab {0}"
  },
  "ChatTweaks@DisableChatMovement / Description": {
    "message": "防止聊天窗口移动.",
    "description": "[DisableChatMovement] Tweak Description"
  },
  "ChatTweaks@DisableChatMovement / Name": {
    "message": "禁用聊天窗口移动",
    "description": "[DisableChatMovement] Tweak Name"
  },
  "ChatTweaks@DisableChatResize / Description": {
    "message": "防止调整聊天窗口的大小.",
    "description": "[DisableChatResize] Tweak Description"
  },
  "ChatTweaks@DisableChatResize / Name": {
    "message": "禁用聊天窗口大小调整",
    "description": "[DisableChatResize] Tweak Name"
  },
  "ChatTweaks@RenameChatTabs / Description": {
    "message": "允许重命名聊天栏的 通常 和 战斗 频道.",
    "description": "[RenameChatTabs] Tweak Description"
  },
  "ChatTweaks@RenameChatTabs / Name": {
    "message": "重命名聊天栏频道",
    "description": "[RenameChatTabs] Tweak Name"
  },
  "ChatTweaks@RenameChatTabs / TabLabel": {
    "message": "频道 {0}",
    "description": "[RenameChatTabs] Rename Chat Tabs - Tab {0}"
  },
  "ChrDirCommand / Description": {
    "message": "添加一个指令, 允许在客户端角色数据被存储时打开目录.",
    "description": "[ChrDirCommand] Tweak Description"
  },
  "ChrDirCommand / Name": {
    "message": "角色数据目录指令",
    "description": "[ChrDirCommand] Tweak Name"
  },
  "CommandAlias / Description": {
    "message": "允许将输入到聊天栏内的指令替换为其他指令.",
    "description": "[CommandAlias] Tweak Description"
  },
  "CommandAlias / EmptyInputError": {
    "message": "输入不能为空.",
    "description": "[CommandAlias] Command Alias - Input must not be empty."
  },
  "CommandAlias / EmptyOutputError": {
    "message": "输出不能为空.",
    "description": "[CommandAlias] Command Alias - Output must not be empty."
  },
  "CommandAlias / Enabled": {
    "message": "启用",
    "description": "[CommandAlias] Command Alias - Enabled"
  },
  "CommandAlias / Input Command": {
    "message": "输入指令",
    "description": "[CommandAlias] Command Alias - Input Command"
  },
  "CommandAlias / Instruction": {
    "message": "添加一系列的指令别名. 请不要以 '/' 作为指令开头\n这些别名在设计上并不兼容宏.",
    "description": "[CommandAlias] Command Alias - Add list of command alias. Do not start command with the '/'\nThese aliases, by design, do not work with macros."
  },
  "CommandAlias / MacroHelp": {
    "message": "在宏内不支持别名, 以防止在备份至服务器时发送到服务器上.\n请在你的宏内使用原始指令名称.",
    "description": "[CommandAlias] Macro Help Tooltip"
  },
  "CommandAlias / Name": {
    "message": "指令别名",
    "description": "[CommandAlias] Tweak Name"
  },
  "CommandAlias / New Label": {
    "message": "新的:",
    "description": "[CommandAlias] Command Alias - New:"
  },
  "CommandAlias / Output Command": {
    "message": "输出指令",
    "description": "[CommandAlias] Command Alias - Output Command"
  },
  "CommandAlias / ProtectedCommandError": {
    "message": "'/{0}' 是一个受保护的指令.",
    "description": "[CommandAlias] Command Alias - '/{0}' is a protected command."
  },
  "DisableClickTargeting / AddButton": {
    "message": "添加",
    "description": "[DisableClickTargeting] Disable Click Targeting - Add"
  },
  "DisableClickTargeting / CombatHeader": {
    "message": "仅在战斗中",
    "description": "[DisableClickTargeting] Disable Click Targeting - Only in\nCombat"
  },
  "DisableClickTargeting / DefaultNameText": {
    "message": "默认 (无与伦比的名字)",
    "description": "[DisableClickTargeting] Disable Click Targeting - Default (Unmatched Names)"
  },
  "DisableClickTargeting / Description": {
    "message": "允许禁用目标功能的左右鼠标点击.",
    "description": "[DisableClickTargeting] Tweak Description"
  },
  "DisableClickTargeting / EverythingDisabled": {
    "message": "如果所有功能都被禁用, 那么什么事都不会发生...",
    "description": "[DisableClickTargeting] Disable Click Targeting - It is doing nothing if everything is disabled..."
  },
  "DisableClickTargeting / LeftHeader": {
    "message": "禁用左键",
    "description": "[DisableClickTargeting] Disable Click Targeting - Disable\nLeft"
  },
  "DisableClickTargeting / Name": {
    "message": "禁用左键选中目标",
    "description": "[DisableClickTargeting] Tweak Name"
  },
  "DisableClickTargeting / NameFiltering": {
    "message": "启用名称过滤",
    "description": "[DisableClickTargeting] Disable Click Targeting - Enable Name Filtering"
  },
  "DisableClickTargeting / NameFiltersHelp": {
    "message": "Per actor options for ",
    "description": "[DisableClickTargeting] Disable Click Targeting - Per actor options for "
  },
  "DisableClickTargeting / NameFiltersLabel": {
    "message": "名称过滤:",
    "description": "[DisableClickTargeting] Disable Click Targeting - Name Filters:"
  },
  "DisableClickTargeting / NameHeader": {
    "message": "\n名称",
    "description": "[DisableClickTargeting] Disable Click Targeting - \nName"
  },
  "DisableClickTargeting / NamePlaceholder": {
    "message": "名称",
    "description": "[DisableClickTargeting] Disable Click Targeting - Name"
  },
  "DisableClickTargeting / RemoveTooltip": {
    "message": "移除 {0}",
    "description": "[DisableClickTargeting] Disable Click Targeting - Remove {0}"
  },
  "DisableClickTargeting / RightHeader": {
    "message": "禁用右键",
    "description": "[DisableClickTargeting] Disable Click Targeting - Disable\nRight"
  },
  "DisableClickTargeting / SimpleCombatOnly": {
    "message": "仅在战斗中禁用",
    "description": "[DisableClickTargeting] Disable Click Targeting - Only disable in combat"
  },
  "DisableClickTargeting / SimpleDisableLeftClick": {
    "message": "禁用左键选中目标",
    "description": "[DisableClickTargeting] Disable Click Targeting - Disable Left Click Targeting"
  },
  "DisableClickTargeting / SimpleDisableRightClick": {
    "message": "禁用右键选中目标",
    "description": "[DisableClickTargeting] Disable Click Targeting - Disable Right Click Targeting"
  },
  "DisableTitleScreenMovie / Description": {
    "message": "防止在标题界面待60秒后自动播放过场动画.",
    "description": "[DisableTitleScreenMovie] Tweak Description"
  },
  "DisableTitleScreenMovie / Name": {
    "message": "禁用标题过场动画",
    "description": "[DisableTitleScreenMovie] Tweak Name"
  },
  "FixedShadowDistance / Description": {
    "message": "为阴影渲染设置一个固定值, 防止在飞行中更改.",
    "description": "[FixedShadowDistance] Tweak Description"
  },
  "FixedShadowDistance / Name": {
    "message": "固定阴影距离",
    "description": "[FixedShadowDistance] Tweak Name"
  },
  "FixedShadowDistance / Shadow Distance": {
    "message": "阴影距离",
    "description": "[FixedShadowDistance] Fixed Shadow Distance - Shadow Distance"
  },
  "FixTarget / Description": {
    "message": "允许使用默认的 '/target' 指令来通过名称来选中玩家或者NPC.",
    "description": "[FixTarget] Tweak Description"
  },
  "FixTarget / Name": {
    "message": "修复 '/target' 指令",
    "description": "[FixTarget] Tweak Name"
  },
  "General Options / Formatting Culture": {
    "message": "Formatting Culture",
    "description": "General Options / Formatting Culture - Formatting Culture"
  },
  "General Options / Hide KoFi": {
    "message": "隐藏 Ko-fi 链接.",
    "description": "General Options / Hide KoFi - Hide Ko-fi link."
  },
  "General Options / Language": {
    "message": "语言",
    "description": "General Options / Language - Language"
  },
  "General Options / Show Experimental Tweaks": {
    "message": "显示实验性调整.",
    "description": "General Options / Show Experimental Tweaks - Show Experimental Tweaks."
  },
  "General Options / Show Tweak Descriptions": {
    "message": "显示调整描述.",
    "description": "General Options / Show Tweak Descriptions - Show tweak descriptions."
  },
  "General Options / Show Tweak IDs": {
    "message": "显示调整ID.",
    "description": "General Options / Show Tweak IDs - Show tweak IDs."
  },
  "General Options / TabHeader": {
    "message": "通常选项",
    "description": "General Options / TabHeader - General Options"
  },
  "General Tweaks": {
    "message": "通常调整",
    "description": "General Tweaks Tab Header"
  },
  "Hide Tweak": {
    "message": "隐藏调整",
    "description": "Hide Tweak - Hide Tweak"
  },
  "LegacyCameraLock / Description": {
    "message": "在使用传统移动方式时防止相机旋转.",
    "description": "[LegacyCameraLock] Tweak Description"
  },
  "LegacyCameraLock / Name": {
    "message": "传统移动方式相机锁定",
    "description": "[LegacyCameraLock] Tweak Name"
  },
  "LongVeil / Description": {
    "message": "替换婚礼的面纱为长面纱, 通常只有在十二圣所中才会出现.",
    "description": "[LongVeil] Tweak Description"
  },
  "LongVeil / Name": {
    "message": "长面纱",
    "description": "[LongVeil] Tweak Name"
  },
  "MainCommandCommand / Description": {
    "message": "添加指令 '/maincommand [name]' 允许在聊天栏或者宏内使用任意主指令.",
    "description": "[MainCommandCommand] Tweak Description"
  },
  "MainCommandCommand / Name": {
    "message": "使用主指令",
    "description": "[MainCommandCommand] Tweak Name"
  },
  "MoreGearSets / Description": {
    "message": "增加套装栏数量到 100.",
    "description": "[MoreGearSets] Tweak Description"
  },
  "MoreGearSets / Name": {
    "message": "更多的套装栏",
    "description": "[MoreGearSets] Tweak Name"
  },
  "SetOptionCommand / alias": {
    "message": "别名",
    "description": "[SetOptionCommand] Set Option Command - alias"
  },
  "SetOptionCommand / Available Options": {
    "message": "可用选项",
    "description": "[SetOptionCommand] Set Option Command - Available Options"
  },
  "SetOptionCommand / Description": {
    "message": "添加指令来更改任意选项.",
    "description": "[SetOptionCommand] Tweak Description"
  },
  "SetOptionCommand / Name": {
    "message": "设置选项指令",
    "description": "[SetOptionCommand] Tweak Name"
  },
  "SetOptionCommand / option": {
    "message": "选项",
    "description": "[SetOptionCommand] Set Option Command - option"
  },
  "SetOptionCommand / values": {
    "message": "参数",
    "description": "[SetOptionCommand] Set Option Command - values"
  },
  "TooltipTweaks / Name": {
    "message": "工具提示调整",
    "description": "[TooltipTweaks] Tweak Name"
  },
  "TooltipTweaks@CopyHotkey / Browser Only": {
    "message": "仅浏览器",
    "description": "[CopyHotkey] Item Hotkeys - Browser Only"
  },
  "TooltipTweaks@CopyHotkey / Cancel": {
    "message": "取消",
    "description": "[CopyHotkey] Item Hotkeys - Cancel"
  },
  "TooltipTweaks@CopyHotkey / Confirm": {
    "message": "确认",
    "description": "[CopyHotkey] Item Hotkeys - Confirm"
  },
  "TooltipTweaks@CopyHotkey / Copy Item Name": {
    "message": "复制物品名称",
    "description": "[CopyHotkey] Item Hotkeys - Copy Item Name"
  },
  "TooltipTweaks@CopyHotkey / Description": {
    "message": "当物品详细信息窗口可见时, 为各种操作添加快捷键.",
    "description": "[CopyHotkey] Tweak Description"
  },
  "TooltipTweaks@CopyHotkey / Name": {
    "message": "物品快捷键",
    "description": "[CopyHotkey] Tweak Name"
  },
  "TooltipTweaks@CopyHotkey / NoHelpText": {
    "message": "在工具提示中不显示快捷键帮助",
    "description": "[CopyHotkey] Item Hotkeys - Don't show hotkey help on Tooltip"
  },
  "TooltipTweaks@CopyHotkey / Set Keybind": {
    "message": "设置快捷键",
    "description": "[CopyHotkey] Item Hotkeys - Set Keybind"
  },
  "TooltipTweaks@CopyHotkey / View on Eriones (JP)": {
    "message": "在 Eriones 中查看 (JP)",
    "description": "[CopyHotkey] Item Hotkeys - View on Eriones (JP)"
  },
  "TooltipTweaks@CopyHotkey / View on Gamer Escape": {
    "message": "在 Gamer Escape 中查看",
    "description": "[CopyHotkey] Item Hotkeys - View on Gamer Escape"
  },
  "TooltipTweaks@CopyHotkey / View on Garland Tools": {
    "message": "在 Garland Tools 中查看",
    "description": "[CopyHotkey] Item Hotkeys - View on Garland Tools"
  },
  "TooltipTweaks@CopyHotkey / View on Teamcraft": {
    "message": "在 Teamcraft 中查看",
    "description": "[CopyHotkey] Item Hotkeys - View on Teamcraft"
  },
  "TooltipTweaks@DesynthesisSkill / Description": {
    "message": "当在查看可分解道具时显示你的分解等级.",
    "description": "[DesynthesisSkill] Tweak Description"
  },
  "TooltipTweaks@DesynthesisSkill / Desynthesis Delta": {
    "message": "Desynthesis Delta",
    "description": "[DesynthesisSkill] Show Desynthesis Skill - Desynthesis Delta"
  },
  "TooltipTweaks@DesynthesisSkill / Name": {
    "message": "显示分解等级",
    "description": "[DesynthesisSkill] Tweak Name"
  },
  "TooltipTweaks@FoodStats / Description": {
    "message": "根据你当前的状态计算一个消耗品的统计结果.",
    "description": "[FoodStats] Tweak Description"
  },
  "TooltipTweaks@FoodStats / Highlight Active": {
    "message": "高亮已激活的",
    "description": "[FoodStats] Show expected food and potion stats - Highlight Active"
  },
  "TooltipTweaks@FoodStats / Name": {
    "message": "显示预期的食物和药剂数据",
    "description": "[FoodStats] Tweak Name"
  },
  "TooltipTweaks@MateriaStats / Colour Value": {
    "message": "色值",
    "description": "[MateriaStats] Materia Stats - Colour Value"
  },
  "TooltipTweaks@MateriaStats / Description": {
    "message": "展示属性时, 显示物品上已镶嵌的魔晶石.",
    "description": "[MateriaStats] Tweak Description"
  },
  "TooltipTweaks@MateriaStats / Name": {
    "message": "魔晶石状态",
    "description": "[MateriaStats] Tweak Name"
  },
  "TooltipTweaks@MateriaStats / Show Delta": {
    "message": "显示属性差值",
    "description": "[MateriaStats] Materia Stats - Show Delta"
  },
  "TooltipTweaks@MateriaStats / Show Total": {
    "message": "显示总计",
    "description": "[MateriaStats] Materia Stats - Show Total"
  },
  "TooltipTweaks@MateriaStats / Simplified Combined Display": {
    "message": "简化合并显示",
    "description": "[MateriaStats] Materia Stats - Simplified Combined Display"
  },
  "TooltipTweaks@PrecisionDurability / Description": {
    "message": "显示耐久度的准确百分比.",
    "description": "[PrecisionDurability] Tweak Description"
  },
  "TooltipTweaks@PrecisionDurability / Name": {
    "message": "精确耐久度",
    "description": "[PrecisionDurability] Tweak Name"
  },
  "TooltipTweaks@PrecisionDurability / Trailing Zeros": {
    "message": "尾随零",
    "description": "[PrecisionDurability] Precise Durability - Trailing Zeros"
  },
  "TooltipTweaks@PrecisionSpiritbond / Description": {
    "message": "显示精炼度的部分百分比.",
    "description": "[PrecisionSpiritbond] Tweak Description"
  },
  "TooltipTweaks@PrecisionSpiritbond / Name": {
    "message": "精确精炼度",
    "description": "[PrecisionSpiritbond] Tweak Name"
  },
  "TooltipTweaks@PrecisionSpiritbond / Trailing Zeros": {
    "message": "尾随零",
    "description": "[PrecisionSpiritbond] Precise Spiritbond - Trailing Zeros"
  },
  "TooltipTweaks@ShowItemID / Description": {
    "message": "在工具提示上显示动作和物品的ID.",
    "description": "[ShowItemID] Tweak Description"
  },
  "TooltipTweaks@ShowItemID / Name": {
    "message": "显示物品ID",
    "description": "[ShowItemID] Tweak Name"
  },
  "TooltipTweaks@ShowItemID / Show Both HEX and Decimal": {
    "message": "同时显示十六进制和十进制",
    "description": "[ShowItemID] [Config] Show Both HEX and Decimal"
  },
  "TooltipTweaks@ShowItemID / Use Hexadecimal ID": {
    "message": "使用十六进制ID",
    "description": "[ShowItemID] [Config] Use Hexadecimal ID"
  },
  "UiAdjustments / Name": {
    "message": "UI调整",
    "description": "[UiAdjustments] Tweak Name"
  },
  "UiAdjustments@AccurateVentureTimes / Description": {
    "message": "在雇员列表上显示雇员探险完成的精确倒计时.",
    "description": "[AccurateVentureTimes] Tweak Description"
  },
  "UiAdjustments@AccurateVentureTimes / Name": {
    "message": "精确雇员探险倒计时",
    "description": "[AccurateVentureTimes] Tweak Name"
  },
  "UiAdjustments@AccurateVentureTimes / Simple Display": {
    "message": "简易显示",
    "description": "[AccurateVentureTimes] [Config] Simple Display"
  },
  "UiAdjustments@BattleTalkAdjustments / Description": {
    "message": "允许移动出现在战斗期间的对话框.",
    "description": "[BattleTalkAdjustments] Tweak Description"
  },
  "UiAdjustments@BattleTalkAdjustments / Name": {
    "message": "战斗期间对话框可移动",
    "description": "[BattleTalkAdjustments] Tweak Name"
  },
  "UiAdjustments@BattleTalkAdjustments / PositionPreviewText": {
    "message": "新的战斗对话框位置",
    "description": "[BattleTalkAdjustments] Battle Talk Adjustments - NEW BATTLE TALK DIALOGUE BOX POSITION"
  },
  "UiAdjustments@BattleTalkAdjustments / Scale": {
    "message": "缩放",
    "description": "[BattleTalkAdjustments] Battle Talk Adjustments - Scale"
  },
  "UiAdjustments@BattleTalkAdjustments / X Offset": {
    "message": "X偏移",
    "description": "[BattleTalkAdjustments] Battle Talk Adjustments - X Offset"
  },
  "UiAdjustments@BattleTalkAdjustments / Y Offset": {
    "message": "Y偏移",
    "description": "[BattleTalkAdjustments] Battle Talk Adjustments - Y Offset"
  },
  "UiAdjustments@CastBarAdjustments / Align Ability Name": {
    "message": "对齐技能名称",
    "description": "[CastBarAdjustments] Cast Bar Adjustments - Align Ability Name"
  },
  "UiAdjustments@CastBarAdjustments / Align Countdown Text": {
    "message": "对齐倒计时",
    "description": "[CastBarAdjustments] Cast Bar Adjustments - Align Countdown Text"
  },
  "UiAdjustments@CastBarAdjustments / Description": {
    "message": "允许隐藏或移动咏唱栏的特定部分.",
    "description": "[CastBarAdjustments] Tweak Description"
  },
  "UiAdjustments@CastBarAdjustments / Hide Ability Name": {
    "message": "隐藏技能名称",
    "description": "[CastBarAdjustments] Cast Bar Adjustments - Hide Ability Name"
  },
  "UiAdjustments@CastBarAdjustments / Hide Casting": {
    "message": "隐藏 '发动中' 文本",
    "description": "[CastBarAdjustments] Cast Bar Adjustments - Hide 'Casting' Text"
  },
  "UiAdjustments@CastBarAdjustments / Hide Countdown Text": {
    "message": "隐藏倒计时",
    "description": "[CastBarAdjustments] Cast Bar Adjustments - Hide Countdown Text"
  },
  "UiAdjustments@CastBarAdjustments / Hide Icon": {
    "message": "隐藏图标",
    "description": "[CastBarAdjustments] Cast Bar Adjustments - Hide Icon"
  },
  "UiAdjustments@CastBarAdjustments / Hide Interrupted Text": {
    "message": "隐藏中断提示",
    "description": "[CastBarAdjustments] Cast Bar Adjustments - Hide Interrupted Text"
  },
  "UiAdjustments@CastBarAdjustments / Name": {
    "message": "咏唱栏调整",
    "description": "[CastBarAdjustments] Tweak Name"
  },
  "UiAdjustments@CastBarAdjustments / Offset": {
    "message": "偏移",
    "description": "[CastBarAdjustments] Cast Bar Adjustments - Offset"
  },
  "UiAdjustments@CastBarAdjustments / Show SlideCast Marker": {
    "message": "显示滑步指示器",
    "description": "[CastBarAdjustments] Cast Bar Adjustments - Show SlideCast Marker"
  },
  "UiAdjustments@CastBarAdjustments / SlideCast Marker Colour": {
    "message": "滑步指示器颜色",
    "description": "[CastBarAdjustments] Cast Bar Adjustments - SlideCast Marker Colour"
  },
  "UiAdjustments@CastBarAdjustments / SlideCast Offset Time": {
    "message": "滑步指示器时长偏移",
    "description": "[CastBarAdjustments] Cast Bar Adjustments - SlideCast Offset Time"
  },
  "UiAdjustments@CastBarAdjustments / SlideCast Ready Colour": {
    "message": "滑步已就绪颜色",
    "description": "[CastBarAdjustments] Cast Bar Adjustments - SlideCast Ready Colour"
  },
  "UiAdjustments@ComboTimer / Always Visible": {
    "message": "总是可见",
    "description": "[ComboTimer] [Config] Always Visible"
  },
  "UiAdjustments@ComboTimer / Description": {
    "message": "显示连击动作倒计时.",
    "description": "[ComboTimer] Tweak Description"
  },
  "UiAdjustments@ComboTimer / Font Size": {
    "message": "字体大小",
    "description": "[ComboTimer] [Config] Font Size"
  },
  "UiAdjustments@ComboTimer / Hide 'COMBO' Text": {
    "message": "隐藏 '连击' 文本",
    "description": "[ComboTimer] [Config] Hide 'COMBO' Text"
  },
  "UiAdjustments@ComboTimer / Name": {
    "message": "连击计时器",
    "description": "[ComboTimer] Tweak Name"
  },
  "UiAdjustments@ComboTimer / Text Color": {
    "message": "文本颜色",
    "description": "[ComboTimer] [Config] Text Color"
  },
  "UiAdjustments@ComboTimer / Text Outline Color": {
    "message": "文本边框颜色",
    "description": "[ComboTimer] [Config] Text Outline Color"
  },
  "UiAdjustments@ComboTimer / X Position Offset": {
    "message": "X位置偏移",
    "description": "[ComboTimer] [Config] X Position Offset"
  },
  "UiAdjustments@ComboTimer / Y Position Offset": {
    "message": "Y位置偏移",
    "description": "[ComboTimer] [Config] Y Position Offset"
  },
  "UiAdjustments@CustomFreeCompanyTags / AddButton": {
    "message": "添加",
    "description": "[CustomFreeCompanyTags] Custom Free Company Tags - Add"
  },
  "UiAdjustments@CustomFreeCompanyTags / ColourHelpLink": {
    "message": "点击这里查看支持的颜色和发光的列表.",
    "description": "[CustomFreeCompanyTags] Custom Free Company Tags - Click here for a list of supported colours and glows."
  },
  "UiAdjustments@CustomFreeCompanyTags / Description": {
    "message": "允许隐藏或自定义部队和放浪者加护的标签.",
    "description": "[CustomFreeCompanyTags] Tweak Description"
  },
  "UiAdjustments@CustomFreeCompanyTags / DuplicateNameError": {
    "message": "已存在该名称.",
    "description": "[CustomFreeCompanyTags] Custom Free Company Tags - This name is already added."
  },
  "UiAdjustments@CustomFreeCompanyTags / FC Tag": {
    "message": "部队名称",
    "description": "[CustomFreeCompanyTags] Custom Free Company Tags - FC Tag"
  },
  "UiAdjustments@CustomFreeCompanyTags / FCAlreadyAddedError": {
    "message": "部队名称已存在.",
    "description": "[CustomFreeCompanyTags] Custom Free Company Tags - FC is already on list."
  },
  "UiAdjustments@CustomFreeCompanyTags / Name": {
    "message": "自定义部队标签",
    "description": "[CustomFreeCompanyTags] Tweak Name"
  },
  "UiAdjustments@CustomFreeCompanyTags / NoFCNote": {
    "message": "输入名称来添加部队至列表.",
    "description": "[CustomFreeCompanyTags] Custom Free Company Tags - Enter name to add FC to list."
  },
  "UiAdjustments@CustomFreeCompanyTags / Replace": {
    "message": "替换",
    "description": "[CustomFreeCompanyTags] Custom Free Company Tags - Replace"
  },
  "UiAdjustments@CustomFreeCompanyTags / Replacement": {
    "message": "替代",
    "description": "[CustomFreeCompanyTags] Custom Free Company Tags - Replacement"
  },
  "UiAdjustments@CustomTimeFormat / Description": {
    "message": "允许给游戏内的时钟设置自定义时间格式. 使用 C# 格式化字符串.",
    "description": "[CustomTimeFormat] Tweak Description"
  },
  "UiAdjustments@CustomTimeFormat / Eorzea Time": {
    "message": "艾欧泽亚时间",
    "description": "[CustomTimeFormat] Custom Time Formats - Eorzea Time"
  },
  "UiAdjustments@CustomTimeFormat / Local Time": {
    "message": "本地时间",
    "description": "[CustomTimeFormat] Custom Time Formats - Local Time"
  },
  "UiAdjustments@CustomTimeFormat / Name": {
    "message": "自定义时间格式",
    "description": "[CustomTimeFormat] Tweak Name"
  },
  "UiAdjustments@CustomTimeFormat / Server Time": {
    "message": "服务器时间",
    "description": "[CustomTimeFormat] Custom Time Formats - Server Time"
  },
  "UiAdjustments@ExamineItemLevel / Description": {
    "message": "在检视其他玩家时计算他们的物品等级.\n红色值意味着玩家所穿戴的物品能够适应自己的等级, 并且能够呈现出最高等级.",
    "description": "[ExamineItemLevel] Tweak Description"
  },
  "UiAdjustments@ExamineItemLevel / ItemLevelIcon": {
    "message": "显示物品等级图标",
    "description": "[ExamineItemLevel] Item Level in Examine - Show Item Level Icon"
  },
  "UiAdjustments@ExamineItemLevel / Name": {
    "message": "检视时显示物品等级",
    "description": "[ExamineItemLevel] Tweak Name"
  },
  "UiAdjustments@ExpPercentage / Decimals": {
    "message": "小数点",
    "description": "[ExpPercentage] [Config] Decimals"
  },
  "UiAdjustments@ExpPercentage / Description": {
    "message": "计算并显示当前的经验值百分比在经验栏上.",
    "description": "[ExpPercentage] Tweak Description"
  },
  "UiAdjustments@ExpPercentage / Name": {
    "message": "显示经验值百分比",
    "description": "[ExpPercentage] Tweak Name"
  },
  "UiAdjustments@ExpPercentage / Only show percentage": {
    "message": "只显示百分比",
    "description": "[ExpPercentage] [Config] Only show percentage"
  },
  "UiAdjustments@ExtendedDesynthesisWindow / BlockClickOnGearset": {
    "message": "防止点击套装物品.",
    "description": "[ExtendedDesynthesisWindow] Extended Desynthesis Window - Block clicking on gearset items."
  },
  "UiAdjustments@ExtendedDesynthesisWindow / Description": {
    "message": "在分解物品窗口上显示当前的分解等级和物品的最佳分解等级.\n并且会显示该物品是否为套装内物品, 可选地防止选中套装内物品.",
    "description": "[ExtendedDesynthesisWindow] Tweak Description"
  },
  "UiAdjustments@ExtendedDesynthesisWindow / Name": {
    "message": "拓展分解物品窗口",
    "description": "[ExtendedDesynthesisWindow] Tweak Name"
  },
  "UiAdjustments@ExtendedDesynthesisWindow / YellowForSkillGain": {
    "message": "高亮潜在的技能收益 (黄色)",
    "description": "[ExtendedDesynthesisWindow] Extended Desynthesis Window - Highlight potential skill gains (Yellow)"
  },
  "UiAdjustments@ExtraEstateTeleportation / Description": {
    "message": "添加房屋传送选项到更多的地方.",
    "description": "[ExtraEstateTeleportation] Tweak Description"
  },
  "UiAdjustments@ExtraEstateTeleportation / Name": {
    "message": "额外的房屋传送选项",
    "description": "[ExtraEstateTeleportation] Tweak Name"
  },
  "UiAdjustments@ExtraEstateTeleportation / PartyList": {
    "message": "小队列表",
    "description": "[ExtraEstateTeleportation] Extra Estate Teleportation - Party List"
  },
  "UiAdjustments@ExtraEstateTeleportation / PartyMemberList": {
    "message": "小队成员列表 (社交窗口)",
    "description": "[ExtraEstateTeleportation] Extra Estate Teleportation - Party Member List (Social window)"
  },
  "UiAdjustments@GearPositions / Description": {
    "message": "重新调整角色菜单和检视窗口的装备位置, 让布局更顺眼一点.",
    "description": "[GearPositions] Tweak Description"
  },
  "UiAdjustments@GearPositions / Name": {
    "message": "调整装备位置",
    "description": "[GearPositions] Tweak Name"
  },
  "UiAdjustments@HideAchievementsNotifications / Description": {
    "message": "隐藏登录时/区域切换时的成就即将完成提示.",
    "description": "[HideAchievementsNotifications] Tweak Description"
  },
  "UiAdjustments@HideAchievementsNotifications / HideLogIn": {
    "message": "隐藏登录时提示.",
    "description": "[HideAchievementsNotifications] Hide Achievements Nearing Completion Notifications - Hide the login notification."
  },
  "UiAdjustments@HideAchievementsNotifications / HideZoneIn": {
    "message": "隐藏区域切换时显示.",
    "description": "[HideAchievementsNotifications] Hide Achievements Nearing Completion Notifications - Hide the zone-in notification."
  },
  "UiAdjustments@HideAchievementsNotifications / Name": {
    "message": "隐藏成就即将完成提示",
    "description": "[HideAchievementsNotifications] Tweak Name"
  },
  "UiAdjustments@HideExperienceBar / Description": {
    "message": "当当前职业已经满级时隐藏经验栏",
    "description": "[HideExperienceBar] Tweak Description"
  },
  "UiAdjustments@HideExperienceBar / Name": {
    "message": "满级时隐藏经验栏",
    "description": "[HideExperienceBar] Tweak Name"
  },
  "UiAdjustments@HideJobGauge / Description": {
    "message": "允许在非战斗状态和非攻略深层迷宫时隐藏职业量谱.",
    "description": "[HideJobGauge] Tweak Description"
  },
  "UiAdjustments@HideJobGauge / Name": {
    "message": "隐藏职业量谱",
    "description": "[HideJobGauge] Tweak Name"
  },
  "UiAdjustments@HideJobGauge / Show In Combat": {
    "message": "战斗时显示",
    "description": "[HideJobGauge] [Config] Show In Combat"
  },
  "UiAdjustments@HideJobGauge / Show In Duty": {
    "message": "副本内显示",
    "description": "[HideJobGauge] [Config] Show In Duty"
  },
  "UiAdjustments@ImprovedWorldVisit / Description": {
    "message": "清理跨服传送窗口并在列表中按顺序显示您当前的位置.",
    "description": "[ImprovedWorldVisit] Tweak Description"
  },
  "UiAdjustments@ImprovedWorldVisit / Name": {
    "message": "更干净的跨服传送窗口",
    "description": "[ImprovedWorldVisit] Tweak Name"
  },
  "UiAdjustments@InventoryGil / Description": {
    "message": "在物品栏中显示你当前的金币数量, 就像在雇员窗口内.",
    "description": "[InventoryGil] Tweak Description"
  },
  "UiAdjustments@InventoryGil / Name": {
    "message": "物品栏显示金币",
    "description": "[InventoryGil] Tweak Name"
  },
  "UiAdjustments@LargeCooldownCounter / Description": {
    "message": "调整技能栏内的技能冷却倒计时大小.",
    "description": "[LargeCooldownCounter] Tweak Description"
  },
  "UiAdjustments@LargeCooldownCounter / Edge Colour": {
    "message": "边缘颜色",
    "description": "[LargeCooldownCounter] Large Cooldown Counter - Edge Colour"
  },
  "UiAdjustments@LargeCooldownCounter / Font": {
    "message": "字体",
    "description": "[LargeCooldownCounter] Large Cooldown Counter - Font"
  },
  "UiAdjustments@LargeCooldownCounter / Font Size Adjust": {
    "message": "字体大小调整",
    "description": "[LargeCooldownCounter] Large Cooldown Counter - Font Size Adjust"
  },
  "UiAdjustments@LargeCooldownCounter / Name": {
    "message": "更大的技能冷却倒计时",
    "description": "[LargeCooldownCounter] Tweak Name"
  },
  "UiAdjustments@LargeCooldownCounter / Out Of Range Colour": {
    "message": "颜色超出范围",
    "description": "[LargeCooldownCounter] Large Cooldown Counter - Out Of Range Colour"
  },
  "UiAdjustments@LargeCooldownCounter / Out Of Range Edge Colour": {
    "message": "边缘颜色超出范围",
    "description": "[LargeCooldownCounter] Large Cooldown Counter - Out Of Range Edge Colour"
  },
  "UiAdjustments@LargeCooldownCounter / Simple Mode": {
    "message": "简易模式",
    "description": "[LargeCooldownCounter] Large Cooldown Counter - Simple Mode"
  },
  "UiAdjustments@LargeCooldownCounter / SimpleModeDescription": {
    "message": "恢复到旧版的冷却时间检查.\n修复 XIVCombo 的问题.\n当超出范围时会发生问题.\n启用简易模式之后将无法更改字体颜色.",
    "description": "[LargeCooldownCounter] Large Cooldown Counter - Reverts to old cooldown checking.\nFixes issues with XIVCombo.\nHas some issues when out of range.\nCannot change colour of text with Simple Mode enabled."
  },
  "UiAdjustments@LargeCooldownCounter / Text Colour": {
    "message": "文字颜色",
    "description": "[LargeCooldownCounter] Large Cooldown Counter - Text Colour"
  },
  "UiAdjustments@LimitTargetStatusEffects / Description": {
    "message": "限制显示在目标上的状态效果数量.",
    "description": "[LimitTargetStatusEffects] Tweak Description"
  },
  "UiAdjustments@LimitTargetStatusEffects / LimitOnlyInCombat": {
    "message": "仅在战斗时限制##LimitOnlyInCombat",
    "description": "[LimitTargetStatusEffects] Limit Target Status Effects - Only limit in combat##LimitOnlyInCombat"
  },
  "UiAdjustments@LimitTargetStatusEffects / Name": {
    "message": "限制目标状态效果显示数量",
    "description": "[LimitTargetStatusEffects] Tweak Name"
  },
  "UiAdjustments@LimitTargetStatusEffects / NbStatusEffects": {
    "message": "显示状态效果的数量##nbStatusEffectsDisplayed",
    "description": "[LimitTargetStatusEffects] Limit Target Status Effects - Number of status effects displayed##nbStatusEffectsDisplayed"
  },
  "UiAdjustments@LockWindowPosition / Description": {
    "message": "允许锁定几乎任何UI窗口的位置.",
    "description": "[LockWindowPosition] Tweak Description"
  },
  "UiAdjustments@LockWindowPosition / HelpMessage": {
    "message": "你可以通过上下文菜单来锁定或取消锁定窗口 (右键点击窗口).",
    "description": "[LockWindowPosition] Lock Window Positions - You can lock or unlock windows from their context menu (right click the window)."
  },
  "UiAdjustments@LockWindowPosition / Lock Window Position": {
    "message": "锁定窗口位置",
    "description": "[LockWindowPosition] Lock Window Positions - Lock Window Position"
  },
  "UiAdjustments@LockWindowPosition / Name": {
    "message": "允许锁定窗口位置",
    "description": "[LockWindowPosition] Tweak Name"
  },
  "UiAdjustments@LockWindowPosition / Unlock": {
    "message": "解锁",
    "description": "[LockWindowPosition] Lock Window Positions - Unlock"
  },
  "UiAdjustments@LockWindowPosition / Unlock Window Position": {
    "message": "解锁窗口位置",
    "description": "[LockWindowPosition] Lock Window Positions - Unlock Window Position"
  },
  "UiAdjustments@MarketEnhancements / Description": {
    "message": "增强市场板的窗口, 例如显示含税价格、与NPC售价的差价等.",
    "description": "[MarketEnhancements] Tweak Description"
  },
  "UiAdjustments@MarketEnhancements / Highlight items that can be purchased from an NPC for cheaper. (Red)": {
    "message": "高亮那些可以从NPC那里以低价购买的物品. (红色)",
    "description": "[MarketEnhancements] [Config] Highlight items that can be purchased from an NPC for cheaper. (Red)"
  },
  "UiAdjustments@MarketEnhancements / Highlight items that can be sold to NPC for more. (Green)": {
    "message": "高亮那些能高价出售给NPC的物品. (绿色)",
    "description": "[MarketEnhancements] [Config] Highlight items that can be sold to NPC for more. (Green)"
  },
  "UiAdjustments@MarketEnhancements / Include tax in single price.": {
    "message": "显示含税单价.",
    "description": "[MarketEnhancements] [Config] Include tax in single price."
  },
  "UiAdjustments@MarketEnhancements / Include tax in total price.": {
    "message": "显示含税总价.",
    "description": "[MarketEnhancements] [Config] Include tax in total price."
  },
  "UiAdjustments@MarketEnhancements / Name": {
    "message": "市场增强",
    "description": "[MarketEnhancements] Tweak Name"
  },
  "UiAdjustments@MinimapAdjustments / Description": {
    "message": "允许隐藏小地图上面的组件.",
    "description": "[MinimapAdjustments] Tweak Description"
  },
  "UiAdjustments@MinimapAdjustments / Name": {
    "message": "小地图调整",
    "description": "[MinimapAdjustments] Tweak Name"
  },
  "UiAdjustments@NotificationToastAdjustments / Description": {
    "message": "允许移动或隐藏在不同的时间出现在屏幕中间的通知.",
    "description": "[NotificationToastAdjustments] Tweak Description"
  },
  "UiAdjustments@NotificationToastAdjustments / Name": {
    "message": "实时通知调整",
    "description": "[NotificationToastAdjustments] Tweak Name"
  },
  "UiAdjustments@OldNameplatesTweak / Description": {
    "message": "恢复对名称渲染的修改.",
    "description": "[OldNameplatesTweak] Tweak Description"
  },
  "UiAdjustments@OldNameplatesTweak / Name": {
    "message": "旧版姓名牌",
    "description": "[OldNameplatesTweak] Tweak Name"
  },
  "UiAdjustments@ParameterBarAdjustments / AutoHideMp": {
    "message": "对于不使用魔力的职业, 隐藏魔力栏",
    "description": "[ParameterBarAdjustments] Parameter Bar Adjustments - Hide MP Bar on jobs that don't use MP"
  },
  "UiAdjustments@ParameterBarAdjustments / CP Bar Color": {
    "message": "制作力栏颜色",
    "description": "[ParameterBarAdjustments] Parameter Bar Adjustments - CP Bar Color"
  },
  "UiAdjustments@ParameterBarAdjustments / Description": {
    "message": "允许隐藏或移动参数栏的特定部分 (体力和魔力条).",
    "description": "[ParameterBarAdjustments] Tweak Description"
  },
  "UiAdjustments@ParameterBarAdjustments / GP Bar Color": {
    "message": "采集力栏颜色",
    "description": "[ParameterBarAdjustments] Parameter Bar Adjustments - GP Bar Color"
  },
  "UiAdjustments@ParameterBarAdjustments / Hide 'HP' Text": {
    "message": "隐藏 '体力' 文本",
    "description": "[ParameterBarAdjustments] Parameter Bar Adjustments - Hide 'HP' Text"
  },
  "UiAdjustments@ParameterBarAdjustments / Hide 'MP' Text": {
    "message": "隐藏 '魔力' 文本",
    "description": "[ParameterBarAdjustments] Parameter Bar Adjustments - Hide 'MP' Text"
  },
  "UiAdjustments@ParameterBarAdjustments / Hide HP Bar": {
    "message": "隐藏体力条",
    "description": "[ParameterBarAdjustments] Parameter Bar Adjustments - Hide HP Bar"
  },
  "UiAdjustments@ParameterBarAdjustments / Hide HP Value": {
    "message": "隐藏体力值",
    "description": "[ParameterBarAdjustments] Parameter Bar Adjustments - Hide HP Value"
  },
  "UiAdjustments@ParameterBarAdjustments / Hide MP Bar": {
    "message": "隐藏魔力条",
    "description": "[ParameterBarAdjustments] Parameter Bar Adjustments - Hide MP Bar"
  },
  "UiAdjustments@ParameterBarAdjustments / Hide MP Value": {
    "message": "隐藏魔力值",
    "description": "[ParameterBarAdjustments] Parameter Bar Adjustments - Hide MP Value"
  },
  "UiAdjustments@ParameterBarAdjustments / Hide Target Cycling": {
    "message": "隐藏分类选择",
    "description": "[ParameterBarAdjustments] Parameter Bar Adjustments - Hide Target Cycling"
  },
  "UiAdjustments@ParameterBarAdjustments / HP Bar Color": {
    "message": "体力条颜色",
    "description": "[ParameterBarAdjustments] Parameter Bar Adjustments - HP Bar Color"
  },
  "UiAdjustments@ParameterBarAdjustments / MP Bar Color": {
    "message": "魔力条颜色",
    "description": "[ParameterBarAdjustments] Parameter Bar Adjustments - MP Bar Color"
  },
  "UiAdjustments@ParameterBarAdjustments / Name": {
    "message": "参数栏调整",
    "description": "[ParameterBarAdjustments] Tweak Name"
  },
  "UiAdjustments@PartyListStatusTimers / Description": {
    "message": "在小队列表上的状态效果上显示计时器.",
    "description": "[PartyListStatusTimers] Tweak Description"
  },
  "UiAdjustments@PartyListStatusTimers / Name": {
    "message": "小队列表状态效果计时器",
    "description": "[PartyListStatusTimers] Tweak Name"
  },
  "UiAdjustments@ReducedDeepDungeonInfo / Description": {
    "message": "移除深层迷宫角色信息中多余的信息.",
    "description": "[ReducedDeepDungeonInfo] Tweak Description"
  },
  "UiAdjustments@ReducedDeepDungeonInfo / Name": {
    "message": "减少深层迷宫信息",
    "description": "[ReducedDeepDungeonInfo] Tweak Name"
  },
  "UiAdjustments@RememberTitleSorting / Description": {
    "message": "记住标题选择菜单中所选的排序选项.",
    "description": "[RememberTitleSorting] Tweak Description"
  },
  "UiAdjustments@RememberTitleSorting / Name": {
    "message": "记住标题菜单排序",
    "description": "[RememberTitleSorting] Tweak Name"
  },
  "UiAdjustments@RemoveCommunityFinder / Description": {
    "message": "在社交窗口隐藏社区查找器按钮 (国服没用).",
    "description": "[RemoveCommunityFinder] Tweak Description"
  },
  "UiAdjustments@RemoveCommunityFinder / Name": {
    "message": "移除社区查找器",
    "description": "[RemoveCommunityFinder] Tweak Name"
  },
  "UiAdjustments@RemoveQuestMarkerLimit / Description": {
    "message": "允许大地图和小地图显示超过5个活跃任务的标记.",
    "description": "[RemoveQuestMarkerLimit] Tweak Description"
  },
  "UiAdjustments@RemoveQuestMarkerLimit / Name": {
    "message": "移除任务标记限制",
    "description": "[RemoveQuestMarkerLimit] Tweak Name"
  },
  "UiAdjustments@SellMaxTripleTriadCards / Description": {
    "message": "在九宫幻卡交易员设置默认的出售数量为你拥有的牌数.",
    "description": "[SellMaxTripleTriadCards] Tweak Description"
  },
  "UiAdjustments@SellMaxTripleTriadCards / Name": {
    "message": "在出售九宫幻卡时设置为最大",
    "description": "[SellMaxTripleTriadCards] Tweak Name"
  },
  "UiAdjustments@ShiftTargetCastBarText / Description": {
    "message": "移动目标咏唱栏上的文本, 使其更容易阅读",
    "description": "[ShiftTargetCastBarText] Tweak Description"
  },
  "UiAdjustments@ShiftTargetCastBarText / Name": {
    "message": "重新设置目标咏唱栏文本位置",
    "description": "[ShiftTargetCastBarText] Tweak Name"
  },
  "UiAdjustments@ShowShieldOnHPBar / Description": {
    "message": "在体力条上显示大致的护甲值.",
    "description": "[ShowShieldOnHPBar] Tweak Description"
  },
  "UiAdjustments@ShowShieldOnHPBar / Name": {
    "message": "体力条上显示护甲值",
    "description": "[ShowShieldOnHPBar] Tweak Name"
  },
  "UiAdjustments@SmartNameplates / Description": {
    "message": "提供在战斗中隐藏其他玩家名称的选项.",
    "description": "[SmartNameplates] Tweak Description"
  },
  "UiAdjustments@SmartNameplates / Ignore Alliance Members": {
    "message": "忽略同盟成员",
    "description": "[SmartNameplates] Smart Nameplates - Ignore Alliance Members"
  },
  "UiAdjustments@SmartNameplates / Ignore Dead Players": {
    "message": "忽略死亡玩家",
    "description": "[SmartNameplates] Smart Nameplates - Ignore Dead Players"
  },
  "UiAdjustments@SmartNameplates / Ignore Friends": {
    "message": "忽略好友",
    "description": "[SmartNameplates] Smart Nameplates - Ignore Friends"
  },
  "UiAdjustments@SmartNameplates / Ignore Party Members": {
    "message": "忽略队伍成员",
    "description": "[SmartNameplates] Smart Nameplates - Ignore Party Members"
  },
  "UiAdjustments@SmartNameplates / Ignore Targeted Players": {
    "message": "忽略目标玩家",
    "description": "[SmartNameplates] Smart Nameplates - Ignore Targeted Players"
  },
  "UiAdjustments@SmartNameplates / IgnorePlayersNote": {
    "message": "以下选项将禁用某些玩家的调整.",
    "description": "[SmartNameplates] Smart Nameplates - The following options will disable the tweak for certain players."
  },
  "UiAdjustments@SmartNameplates / Name": {
    "message": "智能玩家铭牌",
    "description": "[SmartNameplates] Tweak Name"
  },
  "UiAdjustments@SmartNameplates / Show HP": {
    "message": "显示体力",
    "description": "[SmartNameplates] Smart Nameplates - Show HP"
  },
  "UiAdjustments@TargetHP / Description": {
    "message": "显示精确的 (或四舍五入) 目标生命值.",
    "description": "[TargetHP] Tweak Description"
  },
  "UiAdjustments@TargetHP / Name": {
    "message": "显示目标体力",
    "description": "[TargetHP] Tweak Name"
  },
  "UiAdjustments@TimerOnDutyWaiting / Description": {
    "message": "在副本攻略准备完毕后继续显示45秒倒计时.",
    "description": "[TimerOnDutyWaiting] Tweak Description"
  },
  "UiAdjustments@TimerOnDutyWaiting / Name": {
    "message": "副本攻略准备倒计时显示",
    "description": "[TimerOnDutyWaiting] Tweak Name"
  },
  "UiAdjustments@TimeUntilGpMax / Description": {
    "message": "当使用采集类职业时显示采集力到达上限的倒计时.",
    "description": "[TimeUntilGpMax] Tweak Description"
  },
  "UiAdjustments@TimeUntilGpMax / Name": {
    "message": "采集力上限倒计时",
    "description": "[TimeUntilGpMax] Tweak Name"
  },
  "Unhide Tweak": {
    "message": "取消隐藏调整",
    "description": "Unhide Tweak - Unhide Tweak"
  },
  "ChatTweaks@ReplyChannelSwitch / Description": {
    "message": "允许输入/r来快速切换至回复频道.",
    "description": "[ReplyChannelSwitch] Tweak Description"
  },
  "ChatTweaks@ReplyChannelSwitch / Name": {
    "message": "快速切换至回复频道",
    "description": "[ReplyChannelSwitch] Tweak Name"
  },
  "PidCommand / Description": {
    "message": "添加指令/pid来显示当前进程ID.",
    "description": "[PidCommand] Tweak Description"
  },
  "PidCommand / Name": {
    "message": "显示进程ID指令",
    "description": "[PidCommand] Tweak Name"
  },
  "DisableMountVolumeChange / Description": {
    "message": "防止坐骑音乐在不动的时候变小声.",
    "description": "[DisableMountVolumeChange] Tweak Description"
  },
  "DisableMountVolumeChange / Name": {
    "message": "禁用坐骑音乐音量变动",
    "description": "[DisableMountVolumeChange] Tweak Name"
  },
  "HideMouseAfterInactivity / Description": {
    "message": "在挂机一段时间之后将鼠标光标隐藏起来.",
    "description": "[HideMouseAfterInactivity] Tweak Description"
  },
  "HideMouseAfterInactivity / Name": {
    "message": "挂机隐藏光标",
    "description": "[HideMouseAfterInactivity] Tweak Name"
  },
  "DataCentreOnTitleScreen / Description": {
    "message": "在标题菜单显示当前所在的数据中心.",
    "description": "[DataCentreOnTitleScreen] Tweak Description"
  },
  "DataCentreOnTitleScreen / Name": {
    "message": "标题菜单显示数据中心",
    "description": "[DataCentreOnTitleScreen] Tweak Name"
  },
  "SyncCrafterBars / Description": {
    "message": "保持生产职业的技能栏同步.",
    "description": "[SyncCrafterBars] Tweak Description"
  },
  "SyncCrafterBars / Name": {
    "message": "同步生产职业技能栏",
    "description": "[SyncCrafterBars] Tweak Name"
  },
  "SyncGathererBars / Description": {
    "message": "保持采集职业的技能栏同步.",
    "description": "[SyncGathererBars] Tweak Description"
  },
  "SyncGathererBars / Name": {
    "message": "同步采集职业技能栏",
    "description": "[SyncGathererBars] Tweak Name"
  }
}